{
  "locations": [
    {
      "location": [11.0416378, 49.4812338],
      "snapped_distance": 2.5
    },
    {
      "location": [11.056744, 49.4631524],
      "snapped_distance": 1.8
    }
  ]
}
